PREVIOUS,CURRENT
pizza,au lardon
antipasto,al
al,all
pate,bruschetta
pate,fraiche
tagliatelle,linguine
lasagne,al
al,forno
risotto,po
pate,gnocchi
gnocchi,gorgonzola
gorgonzola,e
e,noc
pizza,ravioli
ravioli,ai
ai,funghi
funghi,porcini
pizza,chitarra
chitarra,fusilli
fusilli,maccheroni
pizza,margherita
pizza,sauce
sauce,tomate
tomate,mozzarella
mozzarella,origan
pizza,parma
pizza,marchesi
pizza,mortadella
mortadella,ia
ia,truffe
truffe,artichaut
pizza,napolitain
pizza,bufflonne
bufflonne,thon
thon,courgettes
pizza,cesaroni
pizza,diavola
mozzarella,parmesan
parmesan,basilic
copeaux,de parmesan
boeuf,roquette
caro,mel
crostatina,al
al,limone
terrine,de foie
de foie,gras
gras,de canard
jambon,bellota
tomate,jouno
jouno,burrata
salade,de chévre
de chévre,chaud
poélée,de crevettes
piment,despelette
oeuf,cocotte
cocotte,au foie
au foie,gras
gras,de canard
jambon,basque
filet,de boeuf
de boeuf,angus
ris,de veau
de veau,de coeur
filet,mignon
mignon,de porc
de porc,ibérique
magret,de canard
dos,de cabillaud
noix,de saint
de saint,jacques
confit,de canard
profite,roles
brioche,perdue
gateau,basque
croustillant,de fraises
de fraises,et de framboises
filet,de bceuf
de bceuf,poélé
galette,de socca
de socca,ratatouille
ratatouille,nigolse
salade,de mozzarella
salade,lyonnaise
salade,caprese
carpaccio,de boeuf
pizza,toscane
pate,rigatoni
escalope,la parmiggiana
pommes,de terre
de terre,paprika
salade,coleslaw
soupe,de légumes
boulette,de boeuf
de boeuf,épicé
tiramisu,à la violette
tarte,tatin
tatin,aux fruit
aux fruit,de saison
cookie,chocolat
panacotta,fruit
fruit,rouge
mozzarella,champignons
mozzarella,courgettes
mozzarella,pecorino
mozzarella,jambon
jambon,fumé
mozzarella,saucisse
saucisse,piquante
pizza,diavola
pizza,boscaiola
pizza,rustica
pizza,zucchine
pizza,cremosa
pizza,carciofina
burger,galileo
burger,leonardo
burger,végétarien
sorbet,cassis
sorbet,mangue
sorbet,citron
sorbet,framboise
glace,fraise
fraise,des bois
glace,menthe
glace,noisette
glace,marrons
marrons,glacés
glace,figue
sorbet,fraises
sorbet,fraises
fraises,framboise
sorbet,framboise
sorbet,fruits
fruits,de la passion
sorbet,mangue
noix,de st
de st,jacques
cochon,iberique
bette,rave
st,marcellin
marcellin,chaud
bisque,de homard
profiteroles,géantes
mousse,au chocolat
creme,brulee
brandade,de morue
de morue,fraiche
petite,salade
salade,de roquette
fish,and
and,chips
poulet,fermier
fermier,la créme
riz,pilaf
petit,salé
salé,aux lentilles
aile,de raie
de raie,crenobloise
pommes,vapeur
tarte,au citron
au citron,meringuée
millefeuille,la vanille
la vanille,bourbon
tarte,aux pralines
aux pralines,roses
roses,de saint
de saint,cenix
le,sainthonoré
tarte,tatin
tatin,revisitée
wings,de poulet
tempuras,de iégumes
wings,de poulet
onion,rings
ribs,de porc
de porc,marinés
camembert,cceur
cceur,de lion
emmental,bouchées
bouchées,au cheddar
viande,tartare
tempuras,de iégumes
brocolis,à la crème
chouxfleurs,à la crème
filet,de boeuf
de boeuf,chateaubriand
le,persillé
tartare,aux couteaux
tartare,assaisonné
ribs,de porc
de porc,marinés
tartare,aux couteaux
tartare,classique
carpacio,de boeuf
cote,de boeuf
de boeuf,assaisonné
salade,lyonnaise
tarte,tiéde
tiéde,au boudin
au boudin,noir
pommes,du pilat
pté,en crote
en crote,aux ris
aux ris,de veau
de veau,et foie
et foie,gras
quenelle,de brochet
sauce,nantua
gteau,de foie
de foie,de volaille
créme,décrevlsses
décrevlsses,et risotto
et risotto,aux champignons
saint,cochon
cochon,du bistrot
boudin,noir
le,pav
pav,de boeuf
mayonnaise,aux herbes
aux herbes,chimichurri
fromage,dauvergne
le,tartare
tartare,du pimont
le,steak
steak,cheval
steak,haché
haché,frais
la poutine,cheddar
cheddar,
,bacon
spécialités,la vapeur
raviolis,aux iégumes
raviolis,au poulet
raviolis,aux crevettes
bcwchées,de crevettes
de crevettes,wapeur
bouchées,de porc
bouchées,de boeuf
roviolis,pékinois
pékinois,villés
potage,de maison
de maison,aux fruits
aux fruits,de mer
potage,de raviolis
de raviolis,chinois
potage,aux asperges
aux asperges,et crabe
potage,de poulet
de poulet,aux vermicelless
aux vermicelless,chinoises
potage,de poulet
de poulet,aux nouilles
aux nouilles,chinoises
potage,piquand
piquand,à la pékinoise
potage,tha
tha,aux crevettes
potage,sagonnais
salade,chinoise
chinoise,auk
auk,crevettes
crevettes,et crabe
salade,au crabe
salade,aux crevettes
salade,au poulet
salade,thai
thai,au boeuf
nêms,au poulet
rouleau,de printemps
raviolis,chinois
samoussa,au porc
samousse,au curry
toasts,aux crevettes
aux crevettes,frits
bo,bun
omelette,nature
omelette,au crabe
omelette,aux crevettes
crevettes,en beignet
plateau,de lotus
de lotus,chaud
chaud,et froid
crevettes,sautées
crevettes,sauce
sauce,aigredouce
crevettes,au curry
filet,de posson
de posson,à la sauce
à la sauce,aigredouce
filet,de poisson
de poisson,curry
filet,de poisson
de poisson,à la sauce
à la sauce,pékinoge
seiches,à la sauce
à la sauce,pékinoise
seiches,au sel
au sel,et au poivre
canard,aux cinq
aux cinq,parfums
canard,au curry
canard,aux champignons
aux champignons,noirs
canard,ananas
poulet,chef
poulet,frit
poulet,au gingembre
poulet,au citron
poulet,citronnelle
poulet,sauce
sauce,saté
poulet,sauté
sauté,aux noix
aux noix,de coco
poulet,aux amandes
poulet,sauce
sauce,piquante
poulet,au curry
poulet,aux champignons
boeuf,aux oignons
boeuf,aux champignons
boeuf,gingembre
boeuf,sauce
sauce,saté
boeuf,à la sauce
à la sauce,impériale
boeuf,au curry
porc,laqué
porc,aux champignons
aux champignons,noirs
porc,à la sauce
à la sauce,aigredouce
porc,à la sauce
à la sauce,saté
porc,à la sauce
à la sauce,impériale
nouilles,sautées
sautées,aux crevettes
nouiles,sautées
sautées,au poulet
nouilles,sautées
sautées,aux légumes
brocolis,sautés
sautés,nature
riz,sauté
sauté,thai
thai,aux crevettes
riz,cantonais
riz,au curry
riz,gluant
gluant,ia
ia,vapeur
riz,nature
fondue,aux fruits
aux fruits,de mer
fondue,au saté
crevettes,grillées
grillées,au barbecue
coquilles,stjacques
stjacques,sautées
coquilles,stjacques
stjacques,au sel
au sel,et poivre
coquilles,stjacques
stjacques,en beignet
coquilles,stjacgues
coquilles,stjacques
stjacques,ia
ia,sauce
sauce,saté
coquiiies,stjacques
stjacques,aux noix
aux noix,de ceou
grosses,crevettes
crevettes,sel
sel,et poivre
grosses,crevettes
crevettes,ia
ia,citronnelle
crevettes,sautées
sautées,ail
cuisses,de grenouille
de grenouille,au poivre
cuisses,de grenouille
de grenouille,impériales
cuisses,de verouie
de verouie,au ongembre
travers,de porc
de porc,laqué
travers,de porc
de porc,au caramel
travers,de porc
de porc,grillés
grillés,au sel
au sel,et au poivre
canard,pékinois
oignon,bhaja
aubergine,bhaja
crevettes,pakora
poulet,pakora
samossa,legumes
mixte,beignet
samossa,vianoe
poulet,tandoori
poulet,tikka
seekh,kabab
agneau,tikka
poisson,tikka
gambas,tandoori
grille,mixte
poulet,curry
poulet,madras
poulet,sagwala
poulet,vindalloo
poulet,korma
poulet,tikka
tikka,massala
butter,chicken
poulet,tandoori
tandoori,massala
poulet,champions
poulet,kashmiri
le,taj
taj,mahal
mahal,special
special,curry
agneau,curry
agneau,madras
agneau,korma
agneau,vindaloo
agneau,aubergines
agneau,sagwalaa
agneau,tikka
tikka,massala
agneau,kasmir
agneau,balti
balti,gosth
keena,matar
kofu,curry
kofta,madras
kofta,korma
boeuf,curry
boeuf,madras
boeuf,vindaloo
boeuf,balti
balti,gosth
boeuf,kashmir
boeuf,korma
crevettes,curry
crevettes,madras
crevettes,korma
crevettes,massala
crevettes,champignons
crevettes,kashmir
gambas,massala
biryani,le
le,taj
taj,mahal
biryani,legumes
biryani,poulet
poulet,tikka
tikka,biryani
biryani,agneau
biryani,boeuf
biryani,crevettes
riz,safran
riz,basmati
riz,pilao
riz,oeuf
oeuf,dur
samos,au boeuf
salade,exotique
gambas,exotique
cube,de thon
filet,de boeuf
de boeuf,en crote
en crote,sauce
sauce,foie
foie,gras
pepe,soupe
soupe,de tripe
de tripe,parfumé
parfumé,au poivre
au poivre,de penia
sole,braise
ndole,royale
tiep,bou
bou,dienn
fois,gras
beignet,d
d,acras
gambas,grillée
salade,des les
buche,de nol
tarte,tatin
tatin,banane
salade,de fruits
de fruits,tropicaux
moelleux,aux chocolat
aux chocolat,sur lit
sur lit,de crème
de crème,anglaise
assiette,créole
assiette,découverte
tartare,de saumon
de saumon,gravlax
salade,de crudité
achard,de légumes
rougail,tomate
cari,poulet
massalé,dagneaux
rougail,saucisse
colombo,porc
porc,ou
ou,poulet
couscous,agneau
couscous,poulet
porc,au caramel
au caramel,ou
ou,à lananas
poulet,banane
banane,plantain
poisson,braisé
braisé,à la kmer
mafé,boeuf
mafé,poulet
salade,à la chair
à la chair,de crabe
salade,aux crevettes
salade,au poulet
salade,fruits
fruits,de mer
de mer,à la papaye
à la papaye,épicé
épicé,tha
salade,crevettes
crevettes,à la papaye
à la papaye,épicé
épicé,tha
salade,à la papaye
à la papaye,épicé
épicé,tha
nêms,au porc
néms,au poulet
néms,aux crevettes
néms,aux légumes
hors duvre,assortiment
samoussa,au buf
croquettes,de crevette
de crevette,frits
raviolis,pékinois
pékinois,frits
beignets,de crevettes
potage,aux asperges
aux asperges,et à la chair
et à la chair,de crabe
potage,pékinois
pékinois,épicé
potage,au poulet
au poulet,et aux vermicelles
soupe,aux raviolis
potage,fruits
fruits,de mer
de mer,à la citronneue
potage,de crevettes
de crevettes,à la citronnelle
omelette,à la chair
à la chair,de crabe
omelette,aux crevettes
coquilles,saint
saint,jacques
jacques,la sauce
la sauce,piquante
coquilles,saint
saint,jacques
jacques,sate
coquilles,saint
saint,jacques
jacques,au basilic
nouilles,sautées
sautées,crevettes
nouilles,sautées
sautées,boeuf
nouilles,sautées
sautées,paulet
nouilles,sautées
sautées,porc
nouilles,sautées
sautées,nature
nouilles,croquantes
croquantes,aux crevettes
nouilles,croquantes
croquantes,boeuf
nouilles,croquantes
croquantes,pavot
canard,au basilic
canard,aux champignon
aux champignon,noirs
saumon,avocat
thon,avocat
surimi,avocat
thon,cuit
cuit,avocat
saumon,cheese
avocat,cheese
poulet,avocat
crevette,avocat
saumon,fumé
fumé,avocat
foie,gras
saumon,avocat
avocat,épicé
thon,avocat
avocat,épicé
tempura,crevette
crevette,concombre
ufs,de saumon
saumon,cheese
saumon,fumé
fumé,cheese
thon,cuit
saumon,avocat
crevettes,avocat
cheese,avocat
radis,jaune
foie,gras
saumon,épice
thon,épice
saumon,avocat
thon,avocat
california,poulet
thon,cuit
cuit,avocat
avocat,surimi
crevettes,piquant
crevettes,beignet
saumon,fumé
fumé,cheese
cheese,avocat
saumon,avocat
foie,gras
saumon,avocat
avocat,épicé
thon,avocat
avocat,épicé
concombre,cheese
surimi,avocat
cheese,saumon
thon,cuit
cuit,avocat
foie,gras
thon,avocat
thon,cuit
cuit,avocat
saumon,cheese
tempura,crevette
crevette,concombre
boulettes,de poulet
aile,de poulet
buf,au fromage
saumon,chinois
tempura,buf
buf,au fromage
rouleau,de printemps
salade,aux crevettes
aux crevettes,crabe
crabe,ou
ou,poulet
salade,au buf
au buf,epicee
salade,au calamar
au calamar,epicee
salade,aux crevettes
aux crevettes,epicee
soupe,vermicelle
vermicelle,au poulet
potage,pekinois
potage,crabe
crabe,aux asperges
soupe,speciale
speciale,maison
soupe,thailandaise
thailandaise,aux creveites
soupe,aux raviolis
aux raviolis,chinois
soupe,pho
pho,aux bouleites
aux bouleites,de boeuf
soupe,nouilles
nouilles,au canard
nems,au poulet
samoussas,au buf
samoussa,aux lgumes
beignets,de crevette
papillotes,aux creveites
raviolis,frits
horsdoeuvre,varie
pinces,de crabe
brochettes,de crevettes
de crevettes,grillees
