PREVIOUS,CURRENT,COUNTER
il y,a,6
réservé à nos,abonnés,4
Article réservé,à nos,4
à nos abonnés,Lire,4
abonnés Lire,aussi,4
si le,salarié,3
Salade de fanes,aux agrumes,3
il n’y,a,3
tout le,monde,3
ne sont,pas,3
le 31,octobre,2
Si tu,crois,2
a fait,état,2
faire rire,les,2
cette belle,idée,2
on peut,faire,2
avec qui,il,2
pas le,temps,2
augmentation des désordres,publics,2
de ses frais,de repas,2
à cuisiner pour la première,fois,2
de préparation du public,et du secteur,2
alors que,je,2
rire les,gens,2
mange parce,qu’il,2
ne peut,pas,2
Je me,suis,2
meilleur buteur,de L,2
demanda,Marcus,2
n’y a,pas,2
ne suis,pas,2
fois de ma,vie,2
gens cinq,minutes,2
rien n’est,prêt,2
Si on,peut,2
Je peux,voir,2
Ce n’est,pas,2
Comme tout,le,2
laissé sa,cargaison,2
Il y,a,2
tout ce,qui,2
papa,demanda,2
peut faire,rire,2
s’extasia,Marcus,2
forfaitairement à 465,euros,2
d’un tel,scénario,2
que nous,ne,2
précisément de ses,frais,2
qu’il faut,manger,2
du public et du secteur,marchand,2
buteur de L,1,2
justifier précisément,de ses,2
Ben Yedder,a,2
demanda,t'il,2
Je mange,parce,2
L’état de préparation,du public,2
demanda,Charly,2
de prospérité économique,future,2
journal Le,Monde,2
parce qu’il,faut,2
à 465 euros,par repas,2
ainsi que,le,2
d'un petit,pangolin,2
les gens,cinq,2
parce que,c’est,2
euros par repas,pour 2015,2
Yedder a,marqué,2
pour la première fois,de ma,2
vous vous,êtes,2
